u1,p1
u2,p21561383425251,812,HTTP Request,200,OK,Thread Group 1-1,text,true,,15180,125,1,1,553,0,263
1561383426254,819,HTTP Request,200,OK,Thread Group 1-2,text,true,,15180,125,1,1,557,0,262
1561383427253,829,HTTP Request,200,OK,Thread Group 1-3,text,true,,15180,125,1,1,566,0,262
1561383428255,802,HTTP Request,200,OK,Thread Group 1-4,text,true,,15180,125,1,1,327,0,261
1561383429255,827,HTTP Request,200,OK,Thread Group 1-5,text,true,,15180,125,1,1,566,0,262
1561383430254,888,HTTP Request,200,OK,Thread Group 1-6,text,true,,15180,125,1,1,625,0,262
1561383431256,804,HTTP Request,200,OK,Thread Group 1-7,text,true,,15180,125,1,1,542,0,263
1561383432256,820,HTTP Request,200,OK,Thread Group 1-8,text,true,,15180,125,1,1,557,0,264
1561383433256,803,HTTP Request,200,OK,Thread Group 1-9,text,true,,15180,125,1,1,541,0,262
1561383434256,805,HTTP Request,200,OK,Thread Group 1-10,text,true,,15180,125,1,1,542,0,262
